name,address,locality
Barking Fire Station,"Alfred's Way, IG11 0BB",North East
Dagenham Fire Station,"70 Rainham Road North, Dagenham, RM10 7ES ",North East
Dowgate Fire Station,"94-95 Upper Thames Street, EC4R 3UE",North East
Shoreditch Fire Station,"235 Old Street, EC1V 9EY",North East
Stoke Newington Fire Station,"64 Stoke Newington Church Street, N16 0AR",North East
Homerton Fire Station,"97 Homerton High Street Hackney, London E9 6DL",North East
Harold Hill Fire Station,"Units 7 - 9 Falcon Business Centre Ashton Road Romford, RM3 8UN",North East
Hornchurch Fire Station,"42 North Street, RM11 1SH",North East
Romford Fire Station,"198 Pettits Boulevard , RM1 4PL",North East
Wennington Fire Station,Wennington Road RM13 9EE,North East
Holloway Fire Station,"270 - 282 Hornsey Road, N7 7QZ",North East
Islington Fire Station,"278 Upper Street, N1 2TZ",North East
East Ham Fire Station,"210 High Street South, E6 3RS",North East
Plaistow Fire Station,"145 Prince Regent Lane, E13 8SG",North East
Stratford Fire Station,"117 Romford Road, E15 4EH",North East
Hainault Fire Station,"368 - 388 New North Road, IG6 3DY",North East
Woodford Fire Station,"2 Snakes Lane, IG8 0BS",North East
Ilford Fire Station,"460 High Road, IG1 1UE",North East
Bethnal Green Fire Station,"11 Roman Road, E2 0HU",North East
Millwall Fire Station,"43 Westferry Road, E14 8JH",North East
Poplar Fire Station,"168 East India Dock Road, E14 0BP",North East
Shadwell Fire Station,"290 Cable Street, E1 0BX",North East
Whitechapel Fire Station,27 Commercial Road E1 1LD,North East
Chingford Fire Station,"34 The Ridgeway, E4 6PP",North East
Leyton Fire Station,"90B Church Road, E10 5HG",North East
Leytonstone Fire Station,"466 High Street, E11 3HN",North East
Walthamstow Fire Station,"343 Forest Road, E17 5JR",North East
Barnet Fire Station,"144 Station Road, EN5 1TE",North West
Finchley Fire Station,"227 Long Lane, N3 2RP",North West
Hendon Fire Station,"91 The Burroughs Hendon, NW4 4BL",North West
Mill Hill Fire Station,"10 Hartley Avenue, NW7 2HX",North West
Park Royal Fire Station,"Waxlow Road, NW10 7NU",North West
Wembley Fire Station,"591A Harrow Road, HA0 2EG",North West
Willesden Fire Station,"59a Pound Lane, NW10 2HH",North West
Kentish Town Fire Station,"20 Highgate Rd, London NW5 1NS",North West
Euston Fire Station,"172 Euston Road, NW1 2DH",North West
West Hampstead Fire Station,"327B West End Lane, NW6 1RS",North West
Acton Fire Station,"27 Gunnersbury Lane, W3 8EA",North West
Ealing Fire Station,"60-64 Uxbridge Road, W13 8RA",North West
Northolt Fire Station,"74 Petts Hill, UB5 4JT",North West
Southall Fire Station,"17 - 19 High Street, UB1 3HA",North West
Enfield Fire Station,"93 Carterhatch Lane, EN1 4LA",North West
Edmonton Fire Station,"99 Church Street, N9 9AA",North West
Southgate Fire Station,"96 High Street, N14 6BN",North West
Hornsey Fire Station,"108 Park Avenue South, N8 8LS",North West
Tottenham Fire Station,"49 St Loys Road, N17 6UE",North West
Harrow Fire Station,"500 Pinner Road, HA5 5RW",North West
Stanmore Fire Station,"650 Honeypot Lane, HA7 1JS",North West
Hayes Fire Station,"65 Shepiston Lane , UB3 1LL",North West
Heathrow Fire Station,"Building 450, Heathrow airport Northern Perimetre Road, Longford, TW6 2RR",North West
Hillingdon Fire Station,"Uxbridge Road, UB10 0PH",North West
Ruislip Fire Station,"Bury Street, HA4 7TW",North West
Chiswick Fire Station,"2-4 Heathfield Gardens, W4 4JY",North West
Feltham Fire Station,"101 Faggs Road, TW14 0LH",North West
Heston Fire Station,"520 London Road, Isleworth Middlesex, TW7 4HR",North West
Bexley Fire Station,"172 Erith Road Bexleyheath, DA7 6BY",South East
Erith Fire Station,"52 Erith Road Bexleyheath, DA17 6HR",South East
Sidcup Fire Station,"156 - 158 Main Road, DA14 6NZ",South East
Beckenham Fire Station,"8 Beckenham Road, BR3 4LR",South East
Biggin Hill Fire Station,"2 Kingsmead, TN16 3UB",South East
Bromley Fire Station,"4 South Street Bromley Kent, BR1 1RH",South East
Orpington Fire Station,"Avalon Road, BR6 9AX",South East
Addington Fire Station,"197-199 Lodge Lane, CR0 0QA",South East
Croydon Fire Station,"90 Old Town, CR0 1AR",South East
Norbury Fire Station,"1321/1325A London Road, SW16 4AU",South East
Purley Fire Station,"128 Brighton Road, CR8 4DB",South East
Woodside Fire Station,"2 Long Lane Addiscombe Road Croydon, CR0 7AL",South East
East Greenwich Fire Station,"325 Woolwich Road, SE7 7RF",South East
Eltham Fire Station,"266 Eltham High St, SE9 1BA",South East
Greenwich Fire Station,"4 Blisset Street, SE10 8UP",South East
Lee Green Fire Station,"9 Eltham Road, Se12 8ES",South East
Plumstead Fire Station,"1 Lakedale Road Plumstead, SE12 8ES",South East
Deptford Fire Station,"186 Evelyn Street, SE8 5DB",South East
Forest Hill Fire Station,"155 Stanstead Road, SE23 1HP",South East
Lewisham Fire Station,249/259 Lewisham High Street SE13 6NH,South East
New Cross Fire Station,"266 Queen's Road, SE14 5JN",South East
Dockhead Fire Station,"8 Wolseley Street, SE1 2BP",South East
Old Kent Road Fire Station,"380 Old Kent Rd, London SE1 5AA",South East
Peckham Fire Station,"78-80 Peckham Road, SE5 8PR",South East
Sutton Fire Station,"43 St Dunstans Hill, SM1 2JX",South East
Wallington Fire Station,"19 Belmont Road, SM6 8TE",South East
Hammersmith Fire Station ,"190-192 Shepherd's Bush Road, London, W6 7NL",South West
Fulham Fire Station,"685 Fulham Rd, Fulham, London, SW6 5UJ",South West
Chelsea Fire Station,"264 Kings Road, SW3 5UF",South West
Kensington Fire Station,"13 Old Court Kensington High Street , W8 4PL",South West
North Kensington Fire Station,"242 Ladbroke Grove, W10 5LP",South West
Kingston Fire Station,"390 Richmond Road, KT2 5PR",South West
Surbiton Fire Station,"31/33 Ewell Road Surbiton, Oakhill KT6 6AF",South West
New Malden Fire Station,"180 Burlington Road, KT3 4RW",South West
Brixton Fire Station,"84 Gresham Road Brixton, SW9 7NP",South West
Clapham Fire Station,"29 Old Town, SW4 0JT",South West
Lambeth Fire Station,"8 Albert Embankment, Lambeth, London, SE1 7SD",South West
Lambeth River Fire Station,Opposite 8 Albert Embankment SE1 7SD,South West
West Norwood Fire Station,"210 Knight's Hill, SE27 0QA",South West
Mitcham Fire Station,"417-429 London Road, CR4 4BJ",South West
Wimbledon Fire Station,"87 Kingston Road, SW19 1JN",South West
Richmond Fire Station,"323 Lower Richmond Road, Richmond, Surrey, TW9 4PN",South West
Twickenham Fire Station,"30 South Road, TW2 5NT",South West
Wandsworth Fire Station,"45 West Hill Wandsworth, SW18 1RL",South West
Battersea Fire Station,"11 Este Road, SW11 2TL",South West
Tooting Fire Station,"91 Trinity Road, SW17 7SQ",South West
Paddington Fire Station,"156 Harrow Rd, London, W2 6NL, UK",South West
Soho Fire Station,"126 Shaftesbury Ave, London, W1D 5ET",South West